{
  "patient_id": "MEMBER_ID",
  "age": "ELIG_AGE",
  "gender": "ELIG_GENDER",
  "provider_alt": [
    "MED_CLMS_SERVICE_PLACE",
    "RX_CLMS_SERVICE_PLACE",
    "ENCS_SERVICE_PLACE"
  ],
  "provider_cms": [
  ],
  "physician_alt": [
    "ENCS_SPECIALTY",
    "MED_CLMS_SPECIALTY"
  ],
  "physician_cms": [
  ],
  "claim_id": [
    "ENCS_CLAIM_NUMBER",
    "MED_CLMS_CLAIM_NUMBER",
    "RX_CLMS_CLAIM_NUMBER"
  ],
  "claim_amount": [
    "ENCS_CHARGE_AMT",
    "MED_CLMS_CHARGE_AMT"
  ],
  "claim_from": [
    "ENCS_SERVICE_DATE",
    "MED_CLMS_SERVICE_DATE"
  ],
  "admission": [
    "ENCS_ADMIT_DATE",
    "MED_CLMS_ADMIT_DATE"
  ],
  "discharge": [
    "ENCS_DISCHARGE_DATE",
    "MED_CLMS_DISCHARGE_DATE"
  ],
  "location_flag": [
    "ENCS_FACILITY_TYPE",
    "MED_CLMS_FACILITY_TYPE"
  ],
  "diagnosis_icd9": [
    "ENCS_DX_CD1",
    "ENCS_DX_CD2",
    "ENCS_DX_CD3",
    "ENCS_DX_CD4",
    "ENCS_DX_CD5",
    "ENCS_DX_CD6",
    "ENCS_DX_CD7",
    "ENCS_DX_CD8",
    "ENCS_DX_CD9",
    "ENCS_DX_CD10",
    "ENCS_DX_CD11",
    "ENCS_DX_CD12",
    "ENCS_DX_CD13",
    "ENCS_DX_CD14",
    "ENCS_DX_CD15",
    "MED_CLMS_DX_CD1",
    "MED_CLMS_DX_CD2",
    "MED_CLMS_DX_CD3",
    "MED_CLMS_DX_CD4",
    "MED_CLMS_DX_CD5",
    "MED_CLMS_DX_CD6",
    "MED_CLMS_DX_CD7",
    "MED_CLMS_DX_CD8",
    "MED_CLMS_DX_CD9",
    "MED_CLMS_DX_CD10",
    "MED_CLMS_DX_CD11",
    "MED_CLMS_DX_CD12",
    "MED_CLMS_DX_CD13",
    "MED_CLMS_DX_CD14",
    "MED_CLMS_DX_CD15"
  ],
  "procedures_icd9": [
    "ENCS_ICD9PROC1",
    "ENCS_ICD9PROC2",
    "ENCS_ICD9PROC3",
    "ENCS_ICD9PROC4",
    "ENCS_ICD9PROC5",
    "ENCS_ICD9PROC6",
    "ENCS_ICD9PROC7",
    "ENCS_ICD9PROC8",
    "ENCS_ICD9PROC9",
    "ENCS_ICD9PROC10",
    "ENCS_ICD9PROC11",
    "ENCS_ICD9PROC12",
    "ENCS_ICD9PROC13",
    "ENCS_ICD9PROC14",
    "ENCS_ICD9PROC15",
    "MED_CLMS_ICD9PROC1",
    "MED_CLMS_ICD9PROC2",
    "MED_CLMS_ICD9PROC3",
    "MED_CLMS_ICD9PROC4",
    "MED_CLMS_ICD9PROC5",
    "MED_CLMS_ICD9PROC6",
    "MED_CLMS_ICD9PROC7",
    "MED_CLMS_ICD9PROC8",
    "MED_CLMS_ICD9PROC9",
    "MED_CLMS_ICD9PROC10",
    "MED_CLMS_ICD9PROC11",
    "MED_CLMS_ICD9PROC12",
    "MED_CLMS_ICD9PROC13",
    "MED_CLMS_ICD9proc14",
    "MED_CLMS_ICD9PROC15"
  ],
  "procedures_cpt": [
    "ENCS_CPTCODE",
    "MED_CLMS_CPTCODE"
  ],
  "procedures_hcpcs": [
  ],
  "prescribed_date": "RX_CLMS_SERVICE_DATE",
  "prescribed": "RX_CLMS_NDC",
  "prescribed_amount": "RX_CLMS_CHARGE_AMT",
  "lab_date": "LAB_RSL_SERVICE_DATE",
  "lab_code": "LAB_RSL_LOINC_CODE",
  "lab_result": "LAB_RSL_TEST_RESULT",
  "lab_flag": "LAB_RSL_NORMAL_TEST_FLG"
}
